[{"id":1,"name":"Leanne Graham","username":"Bret","email":"Sincere@april.biz","address":{"street":"Kulas Light","city":"Gwenborough"},"website":"hildegard.org","company":{"name":"Romaguera-Crona","bs":"harness real-time e-markets"}},{"id":2,"name":"Ervin Howell","username":"Antonette","email":"Shanna@melissa.tv","address":{"street":"Victor Plains","city":"Wisokyburgh"},"website":"anastasia.net","company":{"name":"Deckow-Crist","bs":"synergize scalable supply-chains"}},{"id":10,"name":"Javid","username":"Gasimov","email":"gasimovcavid777@gmail.com","address":{"street":"Azizbeyov 9","city":"Baku"},"website":"xyz.com","company":{"name":"hohoho","bs":"hohoh"}}]